{"cameraMode":{"drawMode":0,"name":"Shaded","section":"Shading Mode"},"sceneLighting":true,"audioPlay":false,"sceneViewState":{"showFog":false,"showMaterialUpdate":false,"showSkybox":false,"showFlares":false,"showImageEffects":false,"showParticleSystems":false},"in2DMode":false,"pivot":{"x":26.406341552734376,"y":-139.3196258544922,"z":84.76142883300781},"rotation":{"x":-0.37044861912727358,"y":-0.24867026507854463,"z":0.10352595895528794,"w":-0.8889700174331665},"size":248.6608428955078,"orthographic":false}