{"cameraMode":{"drawMode":0,"name":"Shaded","section":"Shading Mode"},"sceneLighting":true,"audioPlay":false,"sceneViewState":{"showFog":false,"showMaterialUpdate":false,"showSkybox":false,"showFlares":false,"showImageEffects":false,"showParticleSystems":false},"in2DMode":false,"pivot":{"x":-0.5008558034896851,"y":2.710520029067993,"z":0.9012222290039063},"rotation":{"x":0.11673334240913391,"y":5.052282148199083e-9,"z":1.3317299485393619e-9,"w":0.9931635856628418},"size":5.066025733947754,"orthographic":false}